ProductID,Review
101,Great battery life and smooth performance
101,Comfortable to use for long hours
101,Works perfectly for office tasks
101,Easy setup and reliable connection
102,RGB lighting looks amazing
102,Keys are responsive and comfortable
102,Excellent gaming experience
103,Sound quality is crystal clear
103,Battery lasts nearly two days
103,Very comfortable ear cushions
104,Camera quality is impressive
104,Battery backup is excellent
104,Good value for money smartphone
105,AMOLED display looks stunning
105,Fast charging is very useful
105,Performance is smooth and lag free
106,Handles AAA games effortlessly
106,RTX graphics deliver excellent visuals
106,Excellent thermal management
107,Lightweight and easy to carry
107,Perfect for office productivity
107,Battery backup lasts all day
108,Accurate fitness tracking
108,Stylish design and comfortable strap
109,Affordable and useful fitness tracker
109,Battery life is outstanding
110,Cooks food quickly and evenly
110,Healthy cooking with minimal oil
111,Coffee tastes great every time
111,Easy to clean and operate
112,Very comfortable for running
112,Good grip and lightweight design
113,Stylish and durable sneakers
113,Comfortable for daily wear
114,Spacious and durable backpack
114,Perfect for carrying a laptop
115,Excellent book for beginners
115,Easy explanations and examples
116,Comprehensive machine learning concepts
116,Great reference for data science
117,Smooth gameplay with 144Hz refresh rate
117,Excellent display quality
118,Extremely fast file transfers
118,Compact and reliable storage device
119,Good display and performance
119,Useful for entertainment and study
120,Charges devices very quickly
120,Excellent battery capacity
